<PAMDataset>
  <Metadata>
    <MDI key="Software">www.inkscape.org</MDI>
  </Metadata>
  <Metadata domain="IMAGE_STRUCTURE">
    <MDI key="INTERLEAVE">PIXEL</MDI>
  </Metadata>
  <PAMRasterBand band="1">
    <Metadata>
      <MDI key="STATISTICS_MAXIMUM">255</MDI>
      <MDI key="STATISTICS_MEAN">165.09678215457</MDI>
      <MDI key="STATISTICS_MINIMUM">0</MDI>
      <MDI key="STATISTICS_STDDEV">61.706272356827</MDI>
      <MDI key="STATISTICS_VALID_PERCENT">47.92</MDI>
    </Metadata>
  </PAMRasterBand>
  <PAMRasterBand band="2">
    <Metadata>
      <MDI key="STATISTICS_MAXIMUM">255</MDI>
      <MDI key="STATISTICS_MEAN">189.00925070853</MDI>
      <MDI key="STATISTICS_MINIMUM">0</MDI>
      <MDI key="STATISTICS_STDDEV">44.200776244303</MDI>
      <MDI key="STATISTICS_VALID_PERCENT">47.92</MDI>
    </Metadata>
  </PAMRasterBand>
  <PAMRasterBand band="3">
    <Metadata>
      <MDI key="STATISTICS_MAXIMUM">255</MDI>
      <MDI key="STATISTICS_MEAN">206.27442441805</MDI>
      <MDI key="STATISTICS_MINIMUM">53</MDI>
      <MDI key="STATISTICS_STDDEV">46.007449989558</MDI>
      <MDI key="STATISTICS_VALID_PERCENT">47.92</MDI>
    </Metadata>
  </PAMRasterBand>
</PAMDataset>
